RegOpenKeyExW, GetFullPathNameW
Pattern_Name,Total_Unique_Count,Malicious_Unique_Count,Beneign_Unique_Count
('RegOpenKeyExW';),248,248,0
('LoadLibraryA';),242,242,0
('GetProcAddress';),152,152,0
('RegOpenKeyExA';),248,248,0
('LocalAlloc';),248,248,0
('HeapAlloc';),248,248,0
('HeapFree';),248,248,0
('IsBadReadPtr';),245,245,0
('IsBadWritePtr';),245,245,0
('LocalFree';),248,248,0
('RegQueryValueExW';),248,248,0
('RegCloseKey';),248,248,0
('GetCurrentThread';),235,235,0
('GlobalAlloc';),223,223,0
('GlobalLock';),218,218,0
('GetCurrentThreadId';),248,248,0
('RegQueryValueW';),215,215,0
('GlobalUnlock';),217,217,0
('RegEnumKeyW';),214,214,0
('IsBadStringPtrW';),244,244,0
('GetCurrentProcessId';),245,245,0
('GlobalReAlloc';),212,212,0
('GlobalSize';),208,208,0
('GlobalFree';),219,219,0
('RegEnumValueW';),242,242,0
('GetEnvironmentVariableW';),223,223,0
('RegCreateKeyExW';),143,143,0
('LoadLibraryExW';),241,241,0
('RegSetValueExW';),220,220,0
('CreateProcessW';),212,212,0
('SetThreadPriority';),119,119,0
('OpenProcess';),117,117,0
('GetModuleFileNameW';),133,133,0
('ReadFile';),119,119,0
('LoadLibraryW';),73,73,0
('GetFileAttributesW';),234,234,0
('GetFullPathNameW';),248,248,0
('GetLongPathNameW';),221,221,0
('GetFileAttributesW'; 'GetCurrentThreadId'),0,0,0
('RegCloseKey'; 'LocalAlloc'),6,6,0
('HeapAlloc'; 'RegSetValueExW'),219,219,0
('RegEnumKeyW'; 'GlobalLock'),208,208,0
('GetFullPathNameW'; 'GetCurrentThreadId'),0,0,0
('HeapAlloc'; 'GlobalUnlock'),217,217,0
('HeapFree'; 'SetThreadPriority'),117,117,0
('HeapFree'; 'GetFileAttributesW'),233,233,0
('GetEnvironmentVariableW'; 'GetProcAddress'),111,111,0
('RegCreateKeyExW'; 'HeapFree'),0,0,0
('RegEnumValueW'; 'GetFullPathNameW'),229,229,0
('IsBadStringPtrW'; 'CreateProcessW'),210,210,0
('SetThreadPriority'; 'LocalFree'),2,2,0
('RegQueryValueW'; 'RegOpenKeyExW'),0,0,0
('LocalFree'; 'GetEnvironmentVariableW'),223,223,0
('GetFileAttributesW'; 'RegQueryValueExW'),4,4,0
('GlobalReAlloc'; 'CreateProcessW'),209,209,0
('GlobalUnlock'; 'LocalFree'),1,1,0
('RegOpenKeyExW'; 'LoadLibraryA'),228,228,0
('LocalFree'; 'CreateProcessW'),212,212,0
('RegEnumKeyW'; 'GlobalFree'),208,208,0
('GlobalAlloc'; 'RegQueryValueExW'),4,4,0
('HeapAlloc'; 'GetFullPathNameW'),248,248,0
('LocalAlloc'; 'GetProcAddress'),116,116,0
('HeapFree'; 'LoadLibraryA'),240,240,0
('IsBadWritePtr'; 'LocalFree'),228,228,0
('LocalFree'; 'RegEnumValueW'),230,230,0
('IsBadReadPtr'; 'LoadLibraryExW'),205,205,0
('GetLongPathNameW'; 'GetCurrentProcessId'),2,2,0
('HeapAlloc'; 'RegOpenKeyExA'),248,248,0
('GlobalFree'; 'SetThreadPriority'),117,117,0
('GlobalFree'; 'GetFileAttributesW'),209,209,0
('RegOpenKeyExW'; 'LocalAlloc'),17,17,0
('IsBadStringPtrW'; 'RegOpenKeyExW'),202,202,0
('HeapAlloc'; 'GetLongPathNameW'),221,221,0
('RegQueryValueExW'; 'LocalAlloc'),51,51,0
('GlobalReAlloc'; 'RegOpenKeyExW'),0,0,0
('RegSetValueExW'; 'RegQueryValueExW'),1,1,0
('HeapFree'; 'LocalAlloc'),243,243,0
('GetEnvironmentVariableW'; 'OpenProcess'),115,115,0
('GetLongPathNameW'; 'IsBadWritePtr'),3,3,0
('CreateProcessW'; 'LocalFree'),0,0,0
('RegOpenKeyExA'; 'RegCloseKey'),28,28,0
('GlobalFree'; 'LoadLibraryA'),204,204,0
('GetProcAddress'; 'RegQueryValueExW'),40,40,0
('IsBadReadPtr'; 'GetFullPathNameW'),242,242,0
('RegEnumKeyW'; 'RegCreateKeyExW'),130,130,0
('GlobalSize'; 'RegEnumValueW'),208,208,0
('RegEnumKeyW'; 'GlobalSize'),208,208,0
('GetLongPathNameW'; 'GetCurrentThread'),0,0,0
('GetCurrentProcessId'; 'GetCurrentProcessId'),0,0,0
('GetCurrentProcessId'; 'IsBadReadPtr'),14,14,0
('LocalAlloc'; 'OpenProcess'),117,117,0
('IsBadStringPtrW'; 'LocalFree'),70,70,0
('OpenProcess'; 'HeapAlloc'),0,0,0
('GlobalAlloc'; 'LoadLibraryExW'),207,207,0
('GetFileAttributesW'; 'RegSetValueExW'),10,10,0
('RegOpenKeyExA'; 'IsBadReadPtr'),33,33,0
('LocalFree'; 'LocalFree'),0,0,0
('GlobalReAlloc'; 'LocalFree'),0,0,0
('GetEnvironmentVariableW'; 'GlobalUnlock'),1,1,0
('GetFileAttributesW'; 'GlobalUnlock'),3,3,0
('RegCloseKey'; 'GlobalReAlloc'),212,212,0
('GlobalAlloc'; 'RegSetValueExW'),4,4,0
('GlobalFree'; 'LocalAlloc'),1,1,0
('LoadLibraryA'; 'GetCurrentProcessId'),24,24,0
('LocalAlloc'; 'HeapFree'),5,5,0
('GlobalUnlock'; 'GetProcAddress'),111,111,0
('GetCurrentProcessId'; 'IsBadWritePtr'),14,14,0
('GetFullPathNameW'; 'LocalFree'),0,0,0
('SetThreadPriority'; 'RegQueryValueExW'),2,2,0
('GlobalSize'; 'GetFileAttributesW'),208,208,0
('GetCurrentThread'; 'RegEnumValueW'),218,218,0
('GlobalUnlock'; 'RegQueryValueExW'),1,1,0
('GetEnvironmentVariableW'; 'GlobalFree'),5,5,0
('LocalAlloc'; 'GlobalLock'),217,217,0
('IsBadWritePtr'; 'GetProcAddress'),113,113,0
('RegCloseKey'; 'HeapFree'),2,2,0
('GetFileAttributesW'; 'GetFullPathNameW'),221,221,0
('RegEnumKeyW'; 'IsBadStringPtrW'),2,2,0
('RegCloseKey'; 'LoadLibraryW'),37,37,0
('RegSetValueExW'; 'RegSetValueExW'),0,0,0
('GlobalLock'; 'LoadLibraryExW'),204,204,0
('GlobalAlloc'; 'GetFullPathNameW'),217,217,0
('GetEnvironmentVariableW'; 'RegOpenKeyExA'),0,0,0
('RegSetValueExW'; 'GlobalUnlock'),210,210,0
('GetFileAttributesW'; 'RegOpenKeyExA'),1,1,0
('GetCurrentThread'; 'GetFileAttributesW'),228,228,0
('RegCloseKey'; 'GlobalLock'),216,216,0
('GlobalSize'; 'LoadLibraryA'),204,204,0
('GetCurrentProcessId'; 'GetCurrentThreadId'),1,1,0
('LocalAlloc'; 'GlobalFree'),218,218,0
('GetEnvironmentVariableW'; 'GetLongPathNameW'),216,216,0
('IsBadReadPtr'; 'RegEnumKeyW'),214,214,0
('RegCreateKeyExW'; 'HeapAlloc'),0,0,0
('GetFileAttributesW'; 'GetLongPathNameW'),221,221,0
('RegOpenKeyExA'; 'GetCurrentThreadId'),203,203,0
('HeapAlloc'; 'RegCloseKey'),248,248,0
('RegEnumValueW'; 'GetCurrentProcessId'),15,15,0
('LoadLibraryA'; 'GetCurrentThread'),23,23,0
('RegEnumValueW'; 'IsBadReadPtr'),17,17,0
('RegOpenKeyExW'; 'GlobalReAlloc'),212,212,0
('GetProcAddress'; 'RegSetValueExW'),12,12,0
('RegQueryValueW'; 'RegQueryValueExW'),2,2,0
('RegQueryValueExW'; 'GlobalReAlloc'),212,212,0
('LoadLibraryExW'; 'LoadLibraryA'),117,117,0
('GlobalUnlock'; 'RegQueryValueW'),1,1,0
('GlobalUnlock'; 'OpenProcess'),113,113,0
('GetCurrentThreadId'; 'SetThreadPriority'),119,119,0
('RegSetValueExW'; 'GetFullPathNameW'),216,216,0
('CreateProcessW'; 'RegQueryValueExW'),0,0,0
('HeapFree'; 'GlobalReAlloc'),212,212,0
('GlobalSize'; 'LocalAlloc'),0,0,0
('GlobalUnlock'; 'GlobalAlloc'),0,0,0
('RegEnumValueW'; 'IsBadWritePtr'),15,15,0
('HeapAlloc'; 'IsBadReadPtr'),244,244,0
('GetCurrentThread'; 'LoadLibraryA'),208,208,0
('RegQueryValueExW'; 'OpenProcess'),115,115,0
('GetCurrentProcessId'; 'GetEnvironmentVariableW'),218,218,0
('GetCurrentProcessId'; 'CreateProcessW'),212,212,0
('RegOpenKeyExW'; 'HeapFree'),2,2,0
('IsBadWritePtr'; 'OpenProcess'),113,113,0
('IsBadWritePtr'; 'RegQueryValueW'),215,215,0
('LocalAlloc'; 'GetModuleFileNameW'),123,123,0
('GlobalLock'; 'GetFullPathNameW'),214,214,0
('RegOpenKeyExA'; 'GetEnvironmentVariableW'),223,223,0
('GetEnvironmentVariableW'; 'RegCreateKeyExW'),133,133,0
('RegOpenKeyExW'; 'LoadLibraryW'),36,36,0
('IsBadWritePtr'; 'GlobalAlloc'),216,216,0
('RegQueryValueExW'; 'HeapFree'),0,0,0
('LocalFree'; 'GetProcAddress'),115,115,0
('SetThreadPriority'; 'RegSetValueExW'),1,1,0
('IsBadStringPtrW'; 'RegQueryValueExW'),200,200,0
('IsBadStringPtrW'; 'GlobalAlloc'),212,212,0
('RegSetValueExW'; 'GetLongPathNameW'),213,213,0
('LoadLibraryExW'; 'LocalAlloc'),2,2,0
('GlobalReAlloc'; 'RegQueryValueExW'),0,0,0
('GlobalUnlock'; 'RegSetValueExW'),3,3,0
('RegOpenKeyExW'; 'GlobalLock'),216,216,0
('HeapFree'; 'HeapFree'),0,0,0
('GetCurrentProcessId'; 'RegEnumValueW'),227,227,0
('GlobalUnlock'; 'GlobalUnlock'),0,0,0
('GetCurrentThread'; 'LocalAlloc'),1,1,0
('RegQueryValueExW'; 'GlobalLock'),216,216,0
('RegOpenKeyExA'; 'RegEnumValueW'),235,235,0
('GlobalAlloc'; 'RegEnumKeyW'),211,211,0
('GetProcAddress'; 'RegOpenKeyExA'),39,39,0
('RegCloseKey'; 'GetModuleFileNameW'),115,115,0
('LocalAlloc'; 'RegCreateKeyExW'),143,143,0
('LocalAlloc'; 'GlobalSize'),208,208,0
('HeapFree'; 'GlobalLock'),217,217,0
('RegEnumValueW'; 'GetCurrentThreadId'),0,0,0
('GetLongPathNameW'; 'LocalFree'),2,2,0
('IsBadWritePtr'; 'GlobalUnlock'),213,213,0
('CreateProcessW'; 'OpenProcess'),112,112,0
('RegCloseKey'; 'LoadLibraryExW'),232,232,0
('IsBadReadPtr'; 'GetCurrentProcessId'),230,230,0
('GlobalUnlock'; 'GlobalFree'),214,214,0
('GetEnvironmentVariableW'; 'IsBadStringPtrW'),5,5,0
('IsBadReadPtr'; 'IsBadReadPtr'),0,0,0
('HeapAlloc'; 'GetCurrentThreadId'),245,245,0
('LoadLibraryA'; 'RegOpenKeyExW'),14,14,0
('GlobalFree'; 'HeapFree'),0,0,0
('RegQueryValueW'; 'RegSetValueExW'),7,7,0
('SetThreadPriority'; 'RegOpenKeyExA'),2,2,0
('IsBadWritePtr'; 'GlobalFree'),216,216,0
('RegQueryValueW'; 'GlobalUnlock'),210,210,0
('LocalFree'; 'RegQueryValueW'),215,215,0
('LocalFree'; 'OpenProcess'),117,117,0
('GlobalReAlloc'; 'RegQueryValueW'),1,1,0
('GlobalUnlock'; 'RegOpenKeyExA'),1,1,0
('RegEnumValueW'; 'GetEnvironmentVariableW'),213,213,0
('CreateProcessW'; 'RegSetValueExW'),0,0,0
('GetCurrentThreadId'; 'RegOpenKeyExW'),44,44,0
('GetEnvironmentVariableW'; 'RegCloseKey'),0,0,0
('IsBadReadPtr'; 'IsBadWritePtr'),235,235,0
('LocalFree'; 'GlobalAlloc'),221,221,0
('GlobalReAlloc'; 'GlobalAlloc'),0,0,0
('GetModuleFileNameW'; 'RegOpenKeyExW'),8,8,0
('LocalAlloc'; 'IsBadStringPtrW'),190,190,0
('GlobalLock'; 'RegEnumKeyW'),3,3,0
('GetFileAttributesW'; 'RegCloseKey'),1,1,0
('GlobalUnlock'; 'GetLongPathNameW'),211,211,0
('CreateProcessW'; 'GlobalUnlock'),0,0,0
('OpenProcess'; 'IsBadWritePtr'),2,2,0
('IsBadWritePtr'; 'RegOpenKeyExA'),216,216,0
('GetCurrentProcessId'; 'LocalFree'),19,19,0
('RegOpenKeyExW'; 'GetModuleFileNameW'),125,125,0
('RegCloseKey'; 'HeapAlloc'),0,0,0
('HeapAlloc'; 'GetEnvironmentVariableW'),223,223,0
('RegQueryValueExW'; 'GetModuleFileNameW'),109,109,0
('IsBadWritePtr'; 'GetLongPathNameW'),215,215,0
('IsBadReadPtr'; 'GetCurrentThread'),227,227,0
('IsBadStringPtrW'; 'RegSetValueExW'),212,212,0
('RegQueryValueW'; 'GetFullPathNameW'),212,212,0
('GlobalReAlloc'; 'RegSetValueExW'),3,3,0
('IsBadStringPtrW'; 'GlobalUnlock'),210,210,0
('HeapFree'; 'GetModuleFileNameW'),133,133,0
('CreateProcessW'; 'GlobalFree'),0,0,0
('GetFileAttributesW'; 'IsBadReadPtr'),4,4,0
('LocalFree'; 'GlobalUnlock'),216,216,0
('GlobalReAlloc'; 'GlobalUnlock'),208,208,0
('GlobalAlloc'; 'GetCurrentProcessId'),215,215,0
('OpenProcess'; 'GetCurrentThread'),0,0,0
('HeapAlloc'; 'RegEnumValueW'),242,242,0
('GlobalAlloc'; 'IsBadReadPtr'),8,8,0
('IsBadReadPtr'; 'GetCurrentThreadId'),208,208,0
('RegOpenKeyExW'; 'RegCreateKeyExW'),143,143,0
('RegOpenKeyExW'; 'GlobalSize'),208,208,0
('HeapFree'; 'LoadLibraryExW'),240,240,0
('RegQueryValueExW'; 'RegCreateKeyExW'),142,142,0
('RegQueryValueExW'; 'GlobalSize'),208,208,0
('CreateProcessW'; 'RegOpenKeyExA'),0,0,0
('RegQueryValueW'; 'GetLongPathNameW'),212,212,0
('IsBadWritePtr'; 'RegCreateKeyExW'),142,142,0
('GlobalAlloc'; 'IsBadWritePtr'),7,7,0
('LocalFree'; 'GlobalFree'),218,218,0
('IsBadStringPtrW'; 'GetFullPathNameW'),239,239,0
('CreateProcessW'; 'GetLongPathNameW'),208,208,0
('GlobalSize'; 'HeapFree'),0,0,0
('GlobalReAlloc'; 'GetFullPathNameW'),212,212,0
('GetCurrentThread'; 'GlobalReAlloc'),208,208,0
('RegEnumKeyW'; 'SetThreadPriority'),117,117,0
('GetLongPathNameW'; 'RegQueryValueExW'),4,4,0
('RegSetValueExW'; 'IsBadReadPtr'),2,2,0
('GetFullPathNameW'; 'GlobalFree'),8,8,0
('GetProcAddress'; 'RegCloseKey'),37,37,0
('IsBadReadPtr'; 'CreateProcessW'),212,212,0
('IsBadReadPtr'; 'GetEnvironmentVariableW'),218,218,0
('RegEnumKeyW'; 'GetFileAttributesW'),208,208,0
('RegOpenKeyExW'; 'HeapAlloc'),0,0,0
('LocalFree'; 'RegOpenKeyExA'),216,216,0
('GlobalLock'; 'GetCurrentProcessId'),213,213,0
('GlobalSize'; 'GlobalLock'),0,0,0
('GlobalLock'; 'IsBadReadPtr'),6,6,0
('IsBadStringPtrW'; 'GetLongPathNameW'),212,212,0
('LoadLibraryExW'; 'HeapFree'),1,1,0
('RegEnumValueW'; 'LocalFree'),12,12,0
('RegOpenKeyExW'; 'IsBadStringPtrW'),42,42,0
('GlobalFree'; 'LoadLibraryExW'),203,203,0
('HeapFree'; 'HeapAlloc'),2,2,0
('RegSetValueExW'; 'IsBadWritePtr'),2,2,0
('GlobalReAlloc'; 'GetLongPathNameW'),209,209,0
('GetFullPathNameW'; 'RegOpenKeyExA'),4,4,0
('LocalFree'; 'GetLongPathNameW'),219,219,0
('RegCreateKeyExW'; 'GetCurrentThread'),0,0,0
('GetCurrentThread'; 'HeapFree'),2,2,0
('RegCloseKey'; 'RegEnumKeyW'),214,214,0
('GetProcAddress'; 'IsBadReadPtr'),36,36,0
('RegQueryValueExW'; 'IsBadStringPtrW'),44,44,0
('GlobalAlloc'; 'GetCurrentThreadId'),202,202,0
('RegEnumKeyW'; 'LoadLibraryA'),204,204,0
('IsBadWritePtr'; 'IsBadStringPtrW'),218,218,0
('RegCreateKeyExW'; 'SetThreadPriority'),8,8,0
('GlobalLock'; 'IsBadWritePtr'),5,5,0
('GetFullPathNameW'; 'GetLongPathNameW'),213,213,0
('SetThreadPriority'; 'RegCloseKey'),2,2,0
('GetCurrentProcessId'; 'GetProcAddress'),110,110,0
('GetCurrentThread'; 'GlobalLock'),210,210,0
('GlobalUnlock'; 'RegCloseKey'),1,1,0
('RegOpenKeyExA'; 'GetProcAddress'),113,113,0
('OpenProcess'; 'RegOpenKeyExW'),1,1,0
('IsBadWritePtr'; 'RegCloseKey'),214,214,0
('SetThreadPriority'; 'IsBadReadPtr'),2,2,0
('RegSetValueExW'; 'GetCurrentThreadId'),204,204,0
('RegEnumKeyW'; 'LocalAlloc'),0,0,0
('GlobalAlloc'; 'GetEnvironmentVariableW'),216,216,0
('GlobalFree'; 'HeapAlloc'),0,0,0
('GlobalAlloc'; 'CreateProcessW'),209,209,0
('LoadLibraryA'; 'RegQueryValueExW'),25,25,0
('GetFileAttributesW'; 'RegEnumValueW'),215,215,0
('GlobalLock'; 'GetCurrentThreadId'),0,0,0
('GetModuleFileNameW'; 'RegQueryValueExW'),24,24,0
('GetLongPathNameW'; 'RegSetValueExW'),0,0,0
('GlobalAlloc'; 'RegEnumValueW'),214,214,0
('GetProcAddress'; 'GetCurrentThreadId'),32,32,0
('IsBadReadPtr'; 'LocalFree'),225,225,0
('GetLongPathNameW'; 'GlobalUnlock'),0,0,0
('HeapFree'; 'RegEnumKeyW'),214,214,0
('RegSetValueExW'; 'GetEnvironmentVariableW'),210,210,0
('CreateProcessW'; 'RegCloseKey'),0,0,0
('RegCloseKey'; 'GetCurrentProcessId'),241,241,0
('LocalFree'; 'IsBadStringPtrW'),174,174,0
('LoadLibraryExW'; 'GetModuleFileNameW'),97,97,0
('GetCurrentProcessId'; 'OpenProcess'),114,114,0
('GetEnvironmentVariableW'; 'GetFileAttributesW'),9,9,0
('OpenProcess'; 'LocalFree'),0,0,0
('GlobalSize'; 'RegCreateKeyExW'),126,126,0
('RegOpenKeyExA'; 'OpenProcess'),116,116,0
('GlobalSize'; 'GlobalSize'),0,0,0
('RegEnumValueW'; 'GetProcAddress'),110,110,0
('GlobalLock'; 'GetEnvironmentVariableW'),213,213,0
('GlobalLock'; 'CreateProcessW'),209,209,0
('RegQueryValueW'; 'IsBadReadPtr'),0,0,0
('RegCreateKeyExW'; 'RegOpenKeyExW'),0,0,0
('GetFullPathNameW'; 'IsBadStringPtrW'),5,5,0
('GetLongPathNameW'; 'GlobalFree'),1,1,0
('LoadLibraryExW'; 'LoadLibraryExW'),0,0,0
('RegSetValueExW'; 'RegEnumValueW'),211,211,0
('RegOpenKeyExA'; 'HeapFree'),2,2,0
('RegCloseKey'; 'IsBadWritePtr'),31,31,0
('SetThreadPriority'; 'GetCurrentThreadId'),0,0,0
('LocalFree'; 'RegCloseKey'),172,172,0
('GlobalReAlloc'; 'RegCloseKey'),0,0,0
('HeapAlloc'; 'GetProcAddress'),151,151,0
('RegQueryValueW'; 'IsBadWritePtr'),0,0,0
('LocalAlloc'; 'SetThreadPriority'),117,117,0
('LocalAlloc'; 'GetFileAttributesW'),232,232,0
('GetEnvironmentVariableW'; 'LoadLibraryA'),206,206,0
('GetLongPathNameW'; 'RegOpenKeyExA'),1,1,0
('GetCurrentProcessId'; 'GlobalUnlock'),5,5,0
('GetCurrentThread'; 'RegCreateKeyExW'),143,143,0
('GlobalSize'; 'HeapAlloc'),0,0,0
('GetFullPathNameW'; 'RegCloseKey'),0,0,0
('GlobalFree'; 'RegEnumKeyW'),0,0,0
('GetCurrentThread'; 'GlobalSize'),208,208,0
('RegOpenKeyExA'; 'GlobalLock'),216,216,0
('IsBadStringPtrW'; 'IsBadReadPtr'),34,34,0
('RegCloseKey'; 'GetCurrentThread'),26,26,0
('GlobalReAlloc'; 'IsBadReadPtr'),4,4,0
('GlobalAlloc'; 'LocalFree'),2,2,0
('GetCurrentThreadId'; 'LoadLibraryExW'),241,241,0
('LoadLibraryA'; 'RegSetValueExW'),12,12,0
('LoadLibraryExW'; 'HeapAlloc'),0,0,0
('GetCurrentProcessId'; 'GlobalFree'),8,8,0
('LocalAlloc'; 'LoadLibraryA'),231,231,0
('GetEnvironmentVariableW'; 'LocalAlloc'),0,0,0
('RegOpenKeyExA'; 'GlobalFree'),218,218,0
('GetCurrentThread'; 'HeapAlloc'),0,0,0
('RegEnumValueW'; 'OpenProcess'),113,113,0
('HeapFree'; 'GetCurrentProcessId'),245,245,0
('RegQueryValueW'; 'GetCurrentThreadId'),0,0,0
('RegEnumKeyW'; 'GlobalReAlloc'),208,208,0
('GetCurrentProcessId'; 'RegOpenKeyExA'),6,6,0
('IsBadReadPtr'; 'GetProcAddress'),113,113,0
('RegSetValueExW'; 'LocalFree'),51,51,0
('GlobalUnlock'; 'RegEnumValueW'),211,211,0
('RegOpenKeyExA'; 'RegOpenKeyExA'),0,0,0
('HeapAlloc'; 'OpenProcess'),117,117,0
('GetCurrentProcessId'; 'GetLongPathNameW'),216,216,0
('IsBadReadPtr'; 'RegQueryValueExW'),209,209,0
('GlobalLock'; 'LocalFree'),1,1,0
('LocalAlloc'; 'LocalAlloc'),0,0,0
('GetCurrentThreadId'; 'GetFullPathNameW'),248,248,0
('RegCloseKey'; 'CreateProcessW'),212,212,0
('IsBadStringPtrW'; 'GetCurrentThreadId'),205,205,0
('HeapAlloc'; 'HeapFree'),246,246,0
('RegQueryValueW'; 'GetEnvironmentVariableW'),209,209,0
('RegEnumValueW'; 'GlobalUnlock'),6,6,0
('OpenProcess'; 'RegQueryValueExW'),2,2,0
('GlobalReAlloc'; 'GetCurrentThreadId'),0,0,0
('LocalAlloc'; 'RegOpenKeyExW'),231,231,0
('RegOpenKeyExW'; 'SetThreadPriority'),117,117,0
('GlobalUnlock'; 'GetFileAttributesW'),211,211,0
('GlobalFree'; 'GetCurrentProcessId'),211,211,0
('HeapFree'; 'GetCurrentThread'),233,233,0
('RegQueryValueExW'; 'GetFileAttributesW'),230,230,0
('RegQueryValueExW'; 'SetThreadPriority'),117,117,0
('HeapAlloc'; 'GlobalLock'),218,218,0
('RegQueryValueW'; 'RegEnumValueW'),210,210,0
('IsBadWritePtr'; 'GetFileAttributesW'),227,227,0
('LoadLibraryW'; 'RegOpenKeyExW'),37,37,0
('RegEnumValueW'; 'GlobalFree'),9,9,0
('RegOpenKeyExA'; 'RegCreateKeyExW'),142,142,0
('RegOpenKeyExA'; 'GlobalSize'),208,208,0
('RegCloseKey'; 'RegOpenKeyExW'),7,7,0
('GlobalFree'; 'IsBadWritePtr'),3,3,0
('IsBadStringPtrW'; 'GetEnvironmentVariableW'),215,215,0
('GlobalAlloc'; 'GetProcAddress'),113,113,0
('GlobalReAlloc'; 'GetEnvironmentVariableW'),212,212,0
('GlobalUnlock'; 'LoadLibraryA'),208,208,0
('IsBadReadPtr'; 'OpenProcess'),113,113,0
('IsBadReadPtr'; 'RegQueryValueW'),215,215,0
('HeapAlloc'; 'GlobalFree'),219,219,0
('RegQueryValueExW'; 'LoadLibraryA'),217,217,0
('GetLongPathNameW'; 'RegCloseKey'),0,0,0
('IsBadReadPtr'; 'GlobalAlloc'),215,215,0
('RegEnumValueW'; 'RegOpenKeyExA'),7,7,0
('IsBadStringPtrW'; 'RegEnumValueW'),222,222,0
('IsBadWritePtr'; 'LoadLibraryA'),213,213,0
('RegEnumValueW'; 'GetLongPathNameW'),214,214,0
('GlobalFree'; 'GetCurrentThread'),0,0,0
('GlobalReAlloc'; 'RegEnumValueW'),210,210,0
('RegCreateKeyExW'; 'RegQueryValueExW'),1,1,0
('GetCurrentThreadId'; 'RegEnumKeyW'),12,12,0
('HeapFree'; 'CreateProcessW'),212,212,0
('GetCurrentProcessId'; 'IsBadStringPtrW'),16,16,0
('GetLongPathNameW'; 'IsBadReadPtr'),3,3,0
('GlobalUnlock'; 'LocalAlloc'),1,1,0
('IsBadReadPtr'; 'RegSetValueExW'),218,218,0
('RegSetValueExW'; 'GetProcAddress'),112,112,0
('RegOpenKeyExA'; 'IsBadStringPtrW'),35,35,0
('IsBadReadPtr'; 'GlobalUnlock'),212,212,0
('GlobalLock'; 'GetProcAddress'),111,111,0
('HeapAlloc'; 'GetModuleFileNameW'),133,133,0
('OpenProcess'; 'RegSetValueExW'),0,0,0
('RegQueryValueW'; 'LocalFree'),0,0,0
('RegOpenKeyExW'; 'RegOpenKeyExW'),0,0,0
('IsBadWritePtr'; 'LocalAlloc'),208,208,0
('LocalFree'; 'GetFileAttributesW'),231,231,0
('GetCurrentProcessId'; 'RegCloseKey'),4,4,0
('GlobalLock'; 'RegQueryValueExW'),2,2,0
('GetProcAddress'; 'GetProcAddress'),0,0,0
('CreateProcessW'; 'LoadLibraryA'),117,117,0
('RegQueryValueExW'; 'RegOpenKeyExW'),205,205,0
('GlobalAlloc'; 'RegQueryValueW'),207,207,0
('GlobalAlloc'; 'OpenProcess'),114,114,0
('RegEnumKeyW'; 'LoadLibraryExW'),200,200,0
('GetEnvironmentVariableW'; 'HeapFree'),0,0,0
('HeapFree'; 'RegOpenKeyExW'),246,246,0
('IsBadReadPtr'; 'GlobalFree'),216,216,0
('GetFileAttributesW'; 'HeapFree'),1,1,0
('GetFullPathNameW'; 'GetFileAttributesW'),13,13,0
('LoadLibraryExW'; 'GetCurrentProcessId'),26,26,0
('GlobalAlloc'; 'GlobalAlloc'),0,0,0
('LocalAlloc'; 'GlobalReAlloc'),212,212,0
('GlobalFree'; 'CreateProcessW'),208,208,0
('HeapAlloc'; 'RegCreateKeyExW'),143,143,0
('HeapAlloc'; 'GlobalSize'),208,208,0
('LocalFree'; 'LoadLibraryA'),220,220,0
('IsBadReadPtr'; 'RegOpenKeyExA'),212,212,0
('CreateProcessW'; 'LocalAlloc'),0,0,0
('LoadLibraryExW'; 'IsBadWritePtr'),26,26,0
('GetLongPathNameW'; 'GetCurrentThreadId'),0,0,0
('IsBadReadPtr'; 'GetLongPathNameW'),215,215,0
('RegSetValueExW'; 'OpenProcess'),112,112,0
('RegSetValueExW'; 'RegQueryValueW'),208,208,0
('GlobalSize'; 'GetCurrentThread'),0,0,0
('GetFullPathNameW'; 'LoadLibraryA'),205,205,0
('GlobalAlloc'; 'GlobalUnlock'),217,217,0
('LoadLibraryA'; 'IsBadReadPtr'),33,33,0
('RegEnumValueW'; 'IsBadStringPtrW'),19,19,0
('RegSetValueExW'; 'GlobalAlloc'),213,213,0
('GetCurrentThreadId'; 'GetCurrentProcessId'),244,244,0
('GlobalSize'; 'SetThreadPriority'),117,117,0
('RegCreateKeyExW'; 'RegSetValueExW'),12,12,0
('RegEnumKeyW'; 'HeapAlloc'),0,0,0
('GlobalLock'; 'OpenProcess'),114,114,0
('GetCurrentThreadId'; 'IsBadReadPtr'),37,37,0
('GlobalFree'; 'RegOpenKeyExW'),1,1,0
('GlobalLock'; 'RegQueryValueW'),1,1,0
('GetModuleFileNameW'; 'IsBadReadPtr'),30,30,0
('GlobalLock'; 'GlobalAlloc'),0,0,0
('LocalFree'; 'LocalAlloc'),2,2,0
('GetFileAttributesW'; 'GlobalFree'),9,9,0
('LoadLibraryExW'; 'GetCurrentThread'),21,21,0
('LoadLibraryA'; 'IsBadWritePtr'),26,26,0
('HeapAlloc'; 'IsBadStringPtrW'),244,244,0
('GlobalAlloc'; 'GlobalFree'),219,219,0
('GetCurrentThread'; 'GetCurrentThread'),0,0,0
('GetCurrentThreadId'; 'IsBadWritePtr'),37,37,0
('RegEnumValueW'; 'RegCloseKey'),3,3,0
('GetFullPathNameW'; 'LocalAlloc'),0,0,0
('GetModuleFileNameW'; 'IsBadWritePtr'),26,26,0
('GetCurrentThread'; 'SetThreadPriority'),118,118,0
('GetProcAddress'; 'HeapFree'),1,1,0
('GlobalLock'; 'RegSetValueExW'),3,3,0
('RegQueryValueW'; 'GetProcAddress'),112,112,0
('GlobalLock'; 'GlobalUnlock'),217,217,0
('GlobalAlloc'; 'RegOpenKeyExA'),209,209,0
('RegCloseKey'; 'RegQueryValueExW'),25,25,0
('GetCurrentThreadId'; 'GetCurrentThread'),31,31,0
('GlobalAlloc'; 'GetLongPathNameW'),213,213,0
('GlobalFree'; 'LocalFree'),1,1,0
('RegSetValueExW'; 'GlobalFree'),214,214,0
('LoadLibraryA'; 'GetCurrentThreadId'),1,1,0
('GetEnvironmentVariableW'; 'LoadLibraryExW'),206,206,0
('IsBadWritePtr'; 'GlobalReAlloc'),209,209,0
('LoadLibraryExW'; 'CreateProcessW'),205,205,0
('SetThreadPriority'; 'HeapFree'),2,2,0
('GetCurrentThreadId'; 'GetCurrentThreadId'),0,0,0
('GlobalLock'; 'GlobalFree'),214,214,0
('GetModuleFileNameW'; 'GetCurrentThreadId'),0,0,0
('GlobalUnlock'; 'HeapFree'),1,1,0
('IsBadStringPtrW'; 'GetProcAddress'),111,111,0
('RegSetValueExW'; 'RegOpenKeyExA'),206,206,0
('GlobalReAlloc'; 'GetProcAddress'),110,110,0
('RegEnumKeyW'; 'RegEnumKeyW'),0,0,0
('GetProcAddress'; 'GlobalFree'),12,12,0
('GlobalSize'; 'RegOpenKeyExW'),0,0,0
('GlobalLock'; 'RegOpenKeyExA'),2,2,0
('IsBadWritePtr'; 'HeapFree'),2,2,0
('GlobalUnlock'; 'GlobalLock'),0,0,0
('LocalAlloc'; 'LoadLibraryExW'),239,239,0
('GlobalLock'; 'GetLongPathNameW'),211,211,0
('IsBadReadPtr'; 'RegCloseKey'),209,209,0
('RegOpenKeyExA'; 'ReadFile'),116,116,0
('GetCurrentThreadId'; 'GetEnvironmentVariableW'),222,222,0
('RegQueryValueW'; 'OpenProcess'),112,112,0
('LoadLibraryExW'; 'RegOpenKeyExW'),9,9,0
('GetCurrentThreadId'; 'CreateProcessW'),212,212,0
('RegQueryValueW'; 'RegQueryValueW'),0,0,0
('IsBadWritePtr'; 'GlobalLock'),213,213,0
('GetEnvironmentVariableW'; 'HeapAlloc'),0,0,0
('RegQueryValueW'; 'GlobalAlloc'),5,5,0
('GetCurrentThread'; 'RegOpenKeyExW'),209,209,0
('HeapFree'; 'RegQueryValueExW'),248,248,0
('RegSetValueExW'; 'RegCreateKeyExW'),130,130,0
('GetFileAttributesW'; 'IsBadStringPtrW'),6,6,0
('GetCurrentProcessId'; 'GetFileAttributesW'),227,227,0
('RegCloseKey'; 'RegSetValueExW'),15,15,0
('CreateProcessW'; 'HeapFree'),0,0,0
('LocalFree'; 'GlobalReAlloc'),212,212,0
('RegOpenKeyExA'; 'GetFileAttributesW'),233,233,0
('RegCloseKey'; 'GlobalUnlock'),216,216,0
('RegOpenKeyExA'; 'SetThreadPriority'),117,117,0
('GlobalAlloc'; 'IsBadStringPtrW'),10,10,0
('IsBadStringPtrW'; 'RegQueryValueW'),213,213,0
('IsBadStringPtrW'; 'OpenProcess'),112,112,0
('OpenProcess'; 'IsBadReadPtr'),2,2,0
('LocalAlloc'; 'HeapAlloc'),3,3,0
('GlobalReAlloc'; 'OpenProcess'),112,112,0
('IsBadStringPtrW'; 'HeapFree'),0,0,0
('GetCurrentProcessId'; 'LoadLibraryA'),215,215,0
('LocalFree'; 'HeapFree'),0,0,0
('GlobalReAlloc'; 'HeapFree'),0,0,0
('RegEnumKeyW'; 'GetCurrentProcessId'),208,208,0
('GlobalAlloc'; 'RegCloseKey'),3,3,0
('GlobalFree'; 'RegQueryValueExW'),1,1,0
('RegOpenKeyExA'; 'LoadLibraryA'),231,231,0
('RegCloseKey'; 'GetFullPathNameW'),248,248,0
('RegQueryValueW'; 'GlobalFree'),211,211,0
('RegEnumValueW'; 'RegEnumValueW'),0,0,0
('RegSetValueExW'; 'IsBadStringPtrW'),7,7,0
('IsBadStringPtrW'; 'GlobalLock'),210,210,0
('GetFullPathNameW'; 'HeapFree'),0,0,0
('LocalFree'; 'GlobalLock'),217,217,0
('GlobalReAlloc'; 'GlobalLock'),0,0,0
('IsBadWritePtr'; 'GetModuleFileNameW'),105,105,0
('RegOpenKeyExW'; 'LoadLibraryExW'),232,232,0
('LoadLibraryA'; 'LocalFree'),22,22,0
('SetThreadPriority'; 'RegCreateKeyExW'),111,111,0
('RegQueryValueExW'; 'LoadLibraryExW'),218,218,0
('RegEnumKeyW'; 'IsBadWritePtr'),0,0,0
('GlobalUnlock'; 'RegCreateKeyExW'),130,130,0
('RegQueryValueW'; 'RegOpenKeyExA'),2,2,0
('GlobalUnlock'; 'GlobalSize'),208,208,0
('RegCloseKey'; 'GetLongPathNameW'),221,221,0
('GetCurrentThreadId'; 'LocalFree'),41,41,0
('GetCurrentProcessId'; 'LocalAlloc'),2,2,0
('IsBadWritePtr'; 'LoadLibraryExW'),213,213,0
('GetProcAddress'; 'IsBadStringPtrW'),37,37,0
('GetModuleFileNameW'; 'LocalFree'),25,25,0
('RegCreateKeyExW'; 'IsBadReadPtr'),1,1,0
('RegSetValueExW'; 'RegCloseKey'),205,205,0
('RegOpenKeyExA'; 'LocalAlloc'),15,15,0
('RegEnumValueW'; 'GetFileAttributesW'),14,14,0
('IsBadStringPtrW'; 'GlobalFree'),213,213,0
('HeapFree'; 'RegSetValueExW'),219,219,0
('OpenProcess'; 'GetCurrentThreadId'),0,0,0
('IsBadWritePtr'; 'GlobalSize'),208,208,0
('GlobalReAlloc'; 'GlobalFree'),209,209,0
('HeapFree'; 'GlobalUnlock'),216,216,0
('GlobalLock'; 'RegCloseKey'),2,2,0
('RegEnumKeyW'; 'GetCurrentThread'),0,0,0
('LocalAlloc'; 'RegEnumKeyW'),214,214,0
('RegCreateKeyExW'; 'IsBadWritePtr'),1,1,0
('HeapAlloc'; 'SetThreadPriority'),118,118,0
('HeapAlloc'; 'GetFileAttributesW'),234,234,0
('GlobalUnlock'; 'HeapAlloc'),0,0,0
('IsBadStringPtrW'; 'RegOpenKeyExA'),209,209,0
('GlobalReAlloc'; 'RegOpenKeyExA'),0,0,0
('RegQueryValueExW'; 'HeapAlloc'),0,0,0
('SetThreadPriority'; 'IsBadStringPtrW'),3,3,0
('RegEnumValueW'; 'LoadLibraryA'),216,216,0
('RegQueryValueW'; 'RegCreateKeyExW'),129,129,0
('RegQueryValueW'; 'GlobalSize'),208,208,0
('GlobalUnlock'; 'IsBadStringPtrW'),7,7,0
('IsBadWritePtr'; 'HeapAlloc'),1,1,0
('HeapFree'; 'GetFullPathNameW'),248,248,0
('IsBadReadPtr'; 'RegEnumValueW'),225,225,0
('CreateProcessW'; 'RegCreateKeyExW'),124,124,0
('LocalFree'; 'GetModuleFileNameW'),108,108,0
('GlobalFree'; 'RegSetValueExW'),0,0,0
('HeapAlloc'; 'LoadLibraryA'),241,241,0
('GlobalFree'; 'GlobalUnlock'),0,0,0
('RegCreateKeyExW'; 'GetCurrentThreadId'),4,4,0
('LoadLibraryExW'; 'RegQueryValueExW'),23,23,0
('RegEnumKeyW'; 'CreateProcessW'),212,212,0
('GetEnvironmentVariableW'; 'GetCurrentProcessId'),3,3,0
('RegEnumValueW'; 'LocalAlloc'),3,3,0
('HeapFree'; 'GetLongPathNameW'),221,221,0
('IsBadStringPtrW'; 'RegCreateKeyExW'),140,140,0
('IsBadStringPtrW'; 'GlobalSize'),206,206,0
('GetCurrentThread'; 'RegQueryValueExW'),9,9,0
('LocalFree'; 'RegCreateKeyExW'),143,143,0
('GlobalReAlloc'; 'RegCreateKeyExW'),130,130,0
('LocalFree'; 'GlobalSize'),208,208,0
('GlobalReAlloc'; 'GlobalSize'),208,208,0
('GetFullPathNameW'; 'LoadLibraryExW'),201,201,0
('LoadLibraryA'; 'GetProcAddress'),99,99,0
('CreateProcessW'; 'HeapAlloc'),0,0,0
('RegQueryValueW'; 'IsBadStringPtrW'),2,2,0
('HeapAlloc'; 'LocalAlloc'),245,245,0
('GlobalFree'; 'GetFullPathNameW'),211,211,0
('GetCurrentThreadId'; 'GetProcAddress'),120,120,0
('GetLongPathNameW'; 'HeapFree'),0,0,0
('CreateProcessW'; 'IsBadStringPtrW'),2,2,0
('LocalAlloc'; 'GetCurrentProcessId'),243,243,0
('RegOpenKeyExW'; 'RegEnumKeyW'),214,214,0
('GetCurrentThreadId'; 'RegQueryValueExW'),44,44,0
('RegEnumKeyW'; 'RegOpenKeyExW'),0,0,0
('RegQueryValueExW'; 'RegEnumKeyW'),214,214,0
('LocalFree'; 'HeapAlloc'),0,0,0
('RegQueryValueW'; 'RegCloseKey'),1,1,0
('GlobalFree'; 'GetLongPathNameW'),211,211,0
('GetEnvironmentVariableW'; 'GetCurrentThread'),0,0,0
('GlobalSize'; 'LoadLibraryExW'),200,200,0
('IsBadStringPtrW'; 'IsBadStringPtrW'),0,0,0
('RegOpenKeyExA'; 'GlobalReAlloc'),212,212,0
('LocalAlloc'; 'IsBadWritePtr'),37,37,0
('GetFullPathNameW'; 'HeapAlloc'),0,0,0
('GlobalReAlloc'; 'IsBadStringPtrW'),6,6,0
('GetEnvironmentVariableW'; 'SetThreadPriority'),117,117,0
('GlobalSize'; 'RegSetValueExW'),0,0,0
('RegCloseKey'; 'IsBadReadPtr'),36,36,0
('GetFileAttributesW'; 'GetFileAttributesW'),0,0,0
('GetCurrentProcessId'; 'HeapFree'),0,0,0
('GlobalAlloc'; 'GetFileAttributesW'),214,214,0
('IsBadReadPtr'; 'LocalAlloc'),206,206,0
('GetCurrentThread'; 'RegCloseKey'),209,209,0
('IsBadStringPtrW'; 'RegCloseKey'),204,204,0
('LocalAlloc'; 'GetCurrentThread'),234,234,0
('GetCurrentThread'; 'LoadLibraryExW'),208,208,0
('RegOpenKeyExA'; 'LoadLibraryW'),36,36,0
('LoadLibraryExW'; 'RegSetValueExW'),12,12,0
('RegEnumKeyW'; 'LocalFree'),0,0,0
('GetCurrentThreadId'; 'RegQueryValueW'),215,215,0
('GlobalLock'; 'RegEnumValueW'),212,212,0
('GetCurrentThreadId'; 'OpenProcess'),117,117,0
('LoadLibraryExW'; 'GlobalUnlock'),8,8,0
('GetCurrentThread'; 'RegSetValueExW'),14,14,0
('GetCurrentThreadId'; 'GlobalAlloc'),21,21,0
('GetFileAttributesW'; 'LoadLibraryA'),205,205,0
('GlobalSize'; 'GetFullPathNameW'),208,208,0
('GetEnvironmentVariableW'; 'CreateProcessW'),212,212,0
('GlobalAlloc'; 'LoadLibraryA'),209,209,0
('RegSetValueExW'; 'SetThreadPriority'),117,117,0
('RegSetValueExW'; 'GetFileAttributesW'),208,208,0
('RegOpenKeyExW'; 'GetCurrentProcessId'),242,242,0
('RegOpenKeyExW'; 'IsBadReadPtr'),36,36,0
('GetCurrentThreadId'; 'RegSetValueExW'),16,16,0
('GlobalLock'; 'GetFileAttributesW'),212,212,0
('RegCreateKeyExW'; 'LocalFree'),0,0,0
('RegCloseKey'; 'GetCurrentThreadId'),204,204,0
('RegQueryValueExW'; 'GetCurrentProcessId'),237,237,0
('GetCurrentThreadId'; 'GlobalUnlock'),217,217,0
('RegQueryValueExW'; 'IsBadReadPtr'),36,36,0
('GetFileAttributesW'; 'LocalAlloc'),2,2,0
('GetCurrentThread'; 'GetFullPathNameW'),222,222,0
('IsBadWritePtr'; 'GetCurrentProcessId'),230,230,0
('LocalAlloc'; 'GetEnvironmentVariableW'),223,223,0
('LocalAlloc'; 'CreateProcessW'),212,212,0
('HeapFree'; 'IsBadReadPtr'),243,243,0
('GlobalAlloc'; 'LocalAlloc'),2,2,0
('RegOpenKeyExW'; 'IsBadWritePtr'),34,34,0
('RegSetValueExW'; 'LoadLibraryA'),204,204,0
('GetEnvironmentVariableW'; 'RegOpenKeyExW'),1,1,0
('HeapAlloc'; 'GlobalReAlloc'),212,212,0
('LoadLibraryA'; 'GlobalFree'),11,11,0
('GetFileAttributesW'; 'RegOpenKeyExW'),2,2,0
('RegEnumValueW'; 'HeapFree'),0,0,0
('LoadLibraryExW'; 'GetLongPathNameW'),208,208,0
('RegQueryValueExW'; 'IsBadWritePtr'),30,30,0
('GetCurrentThreadId'; 'GlobalFree'),219,219,0
('GlobalLock'; 'LoadLibraryA'),209,209,0
('HeapFree'; 'IsBadWritePtr'),243,243,0
('RegCloseKey'; 'GetEnvironmentVariableW'),223,223,0
('GetCurrentProcessId'; 'GetModuleFileNameW'),99,99,0
('LoadLibraryA'; 'RegOpenKeyExA'),11,11,0
('GlobalUnlock'; 'GetCurrentThread'),4,4,0
('RegOpenKeyExW'; 'GetCurrentThread'),26,26,0
('RegOpenKeyExA'; 'GetModuleFileNameW'),113,113,0
('SetThreadPriority'; 'SetThreadPriority'),0,0,0
('GetProcAddress'; 'LoadLibraryA'),51,51,0
('RegSetValueExW'; 'LocalAlloc'),51,51,0
('GlobalSize'; 'RegEnumKeyW'),0,0,0
('GlobalUnlock'; 'SetThreadPriority'),117,117,0
('GetCurrentThreadId'; 'RegOpenKeyExA'),45,45,0
('RegQueryValueExW'; 'GetCurrentThread'),226,226,0
('GetModuleFileNameW'; 'RegOpenKeyExA'),20,20,0
('RegCloseKey'; 'RegEnumValueW'),239,239,0
('IsBadWritePtr'; 'GetCurrentThread'),228,228,0
('GlobalFree'; 'IsBadReadPtr'),3,3,0
('RegOpenKeyExW'; 'GetCurrentThreadId'),204,204,0
('RegOpenKeyExA'; 'LoadLibraryExW'),237,237,0
('GlobalLock'; 'LocalAlloc'),1,1,0
('GetCurrentThreadId'; 'GetLongPathNameW'),221,221,0
('GetLongPathNameW'; 'IsBadStringPtrW'),5,5,0
('GetCurrentProcessId'; 'RegCreateKeyExW'),138,138,0
('RegQueryValueExW'; 'GetCurrentThreadId'),204,204,0
('IsBadWritePtr'; 'SetThreadPriority'),117,117,0
('RegEnumKeyW'; 'RegQueryValueExW'),0,0,0
('IsBadReadPtr'; 'GlobalReAlloc'),208,208,0
('HeapFree'; 'GetCurrentThreadId'),240,240,0
('GetProcAddress'; 'LocalAlloc'),36,36,0
('SetThreadPriority'; 'LoadLibraryA'),57,57,0
('GetCurrentThread'; 'RegEnumKeyW'),214,214,0
('LoadLibraryA'; 'RegCreateKeyExW'),75,75,0
('GetFullPathNameW'; 'GetCurrentProcessId'),2,2,0
('GetProcAddress'; 'RegOpenKeyExW'),39,39,0
('RegOpenKeyExW'; 'GetEnvironmentVariableW'),222,222,0
('RegOpenKeyExW'; 'CreateProcessW'),212,212,0
('RegQueryValueW'; 'SetThreadPriority'),117,117,0
('RegQueryValueW'; 'GetFileAttributesW'),211,211,0
('LocalAlloc'; 'LocalFree'),246,246,0
('GetCurrentProcessId'; 'HeapAlloc'),0,0,0
('IsBadReadPtr'; 'HeapFree'),2,2,0
('RegQueryValueExW'; 'GetEnvironmentVariableW'),219,219,0
('RegQueryValueExW'; 'CreateProcessW'),212,212,0
('RegOpenKeyExA'; 'HeapAlloc'),0,0,0
('CreateProcessW'; 'SetThreadPriority'),117,117,0
('SetThreadPriority'; 'LocalAlloc'),2,2,0
('IsBadWritePtr'; 'CreateProcessW'),212,212,0
('HeapFree'; 'GetEnvironmentVariableW'),223,223,0
('IsBadReadPtr'; 'GlobalLock'),212,212,0
('GlobalFree'; 'GetCurrentThreadId'),0,0,0
('RegEnumKeyW'; 'RegQueryValueW'),210,210,0
('RegCloseKey'; 'LocalFree'),76,76,0
('SetThreadPriority'; 'RegOpenKeyExW'),2,2,0
('LocalFree'; 'GetCurrentThread'),181,181,0
('RegQueryValueW'; 'LoadLibraryA'),204,204,0
('GlobalSize'; 'GetCurrentProcessId'),208,208,0
('IsBadStringPtrW'; 'SetThreadPriority'),116,116,0
('IsBadStringPtrW'; 'GetFileAttributesW'),224,224,0
('GlobalUnlock'; 'RegOpenKeyExW'),1,1,0
('RegEnumKeyW'; 'GlobalAlloc'),0,0,0
('GlobalSize'; 'IsBadReadPtr'),0,0,0
('LocalFree'; 'SetThreadPriority'),117,117,0
('GlobalReAlloc'; 'SetThreadPriority'),117,117,0
('HeapFree'; 'RegEnumValueW'),242,242,0
('RegEnumValueW'; 'RegCreateKeyExW'),133,133,0
('LoadLibraryA'; 'IsBadStringPtrW'),34,34,0
('GlobalAlloc'; 'GlobalReAlloc'),212,212,0
('GetFullPathNameW'; 'GetCurrentThread'),13,13,0
('GlobalReAlloc'; 'GetFileAttributesW'),209,209,0
('HeapAlloc'; 'LoadLibraryExW'),241,241,0
('GetModuleFileNameW'; 'IsBadStringPtrW'),31,31,0
('IsBadWritePtr'; 'RegOpenKeyExW'),211,211,0
('GlobalSize'; 'IsBadWritePtr'),0,0,0
('GlobalFree'; 'GetEnvironmentVariableW'),208,208,0
('LoadLibraryExW'; 'IsBadReadPtr'),34,34,0
('RegEnumKeyW'; 'RegSetValueExW'),4,4,0
('LoadLibraryA'; 'RegCloseKey'),11,11,0
('RegQueryValueW'; 'LocalAlloc'),0,0,0
('GlobalAlloc'; 'HeapFree'),1,1,0
('RegEnumKeyW'; 'GlobalUnlock'),208,208,0
('GetCurrentThread'; 'GetCurrentProcessId'),213,213,0
('IsBadStringPtrW'; 'LoadLibraryA'),204,204,0
('GetCurrentThread'; 'IsBadReadPtr'),6,6,0
('GlobalReAlloc'; 'LoadLibraryA'),208,208,0
('GetCurrentThreadId'; 'RegCloseKey'),44,44,0
('RegSetValueExW'; 'GlobalReAlloc'),208,208,0
('RegEnumValueW'; 'HeapAlloc'),0,0,0
('GetEnvironmentVariableW'; 'RegQueryValueExW'),4,4,0
('GetModuleFileNameW'; 'RegCloseKey'),18,18,0
('GlobalFree'; 'RegEnumValueW'),209,209,0
('GlobalAlloc'; 'GlobalLock'),218,218,0
('RegOpenKeyExA'; 'RegEnumKeyW'),214,214,0
('GlobalLock'; 'GlobalReAlloc'),212,212,0
('RegOpenKeyExW'; 'LocalFree'),77,77,0
('OpenProcess'; 'RegOpenKeyExA'),1,1,0
('GetCurrentThread'; 'IsBadWritePtr'),5,5,0
('IsBadReadPtr'; 'GetModuleFileNameW'),101,101,0
('CreateProcessW'; 'RegOpenKeyExW'),0,0,0
('RegQueryValueExW'; 'LocalFree'),69,69,0
('HeapAlloc'; 'HeapAlloc'),0,0,0
('RegEnumKeyW'; 'GetFullPathNameW'),214,214,0
('GetFullPathNameW'; 'CreateProcessW'),212,212,0
('IsBadStringPtrW'; 'LocalAlloc'),54,54,0
('GlobalSize'; 'GetCurrentThreadId'),0,0,0
('RegSetValueExW'; 'HeapFree'),1,1,0
('HeapFree'; 'LocalFree'),248,248,0
('GlobalReAlloc'; 'LocalAlloc'),0,0,0
('LocalAlloc'; 'RegQueryValueExW'),197,197,0
('RegEnumKeyW'; 'RegOpenKeyExA'),0,0,0
('GlobalLock'; 'HeapFree'),1,1,0
('RegSetValueExW'; 'GlobalLock'),210,210,0
('IsBadReadPtr'; 'RegCreateKeyExW'),142,142,0
('LoadLibraryW'; 'GetProcAddress'),40,40,0
('IsBadReadPtr'; 'GlobalSize'),208,208,0
('LocalFree'; 'RegOpenKeyExW'),171,171,0
('LoadLibraryExW'; 'GetCurrentThreadId'),0,0,0
('RegEnumKeyW'; 'GetLongPathNameW'),212,212,0
('RegCloseKey'; 'GetProcAddress'),115,115,0
('GetProcAddress'; 'LoadLibraryW'),33,33,0
('GlobalLock'; 'GlobalLock'),0,0,0
('GetCurrentThread'; 'GetCurrentThreadId'),204,204,0
('OpenProcess'; 'RegCreateKeyExW'),103,103,0
('GetFullPathNameW'; 'RegOpenKeyExW'),0,0,0
('GlobalSize'; 'GetEnvironmentVariableW'),208,208,0
('GlobalSize'; 'CreateProcessW'),208,208,0
('RegCreateKeyExW'; 'RegOpenKeyExA'),1,1,0
('IsBadReadPtr'; 'HeapAlloc'),1,1,0
('GetFileAttributesW'; 'LoadLibraryExW'),207,207,0
('LocalAlloc'; 'RegQueryValueW'),215,215,0
('GetEnvironmentVariableW'; 'RegSetValueExW'),7,7,0
('RegOpenKeyExA'; 'GetCurrentProcessId'),239,239,0
('IsBadReadPtr'; 'IsBadStringPtrW'),210,210,0
('GetCurrentThread'; 'GetEnvironmentVariableW'),222,222,0
('RegEnumValueW'; 'CreateProcessW'),212,212,0
('GetCurrentThread'; 'CreateProcessW'),212,212,0
('HeapAlloc'; 'RegEnumKeyW'),214,214,0
('LocalAlloc'; 'GlobalAlloc'),221,221,0
('GlobalAlloc'; 'RegCreateKeyExW'),134,134,0
('OpenProcess'; 'IsBadStringPtrW'),3,3,0
('GlobalAlloc'; 'GlobalSize'),208,208,0
('RegOpenKeyExW'; 'GetProcAddress'),113,113,0
('RegQueryValueW'; 'GlobalReAlloc'),208,208,0
('RegCloseKey'; 'RegQueryValueW'),214,214,0
('RegOpenKeyExA'; 'IsBadWritePtr'),29,29,0
('RegQueryValueExW'; 'GetProcAddress'),112,112,0
('RegCloseKey'; 'OpenProcess'),116,116,0
('RegCreateKeyExW'; 'RegCreateKeyExW'),0,0,0
('RegOpenKeyExW'; 'RegQueryValueExW'),43,43,0
('LocalAlloc'; 'RegSetValueExW'),169,169,0
('RegCloseKey'; 'GlobalAlloc'),220,220,0
('HeapFree'; 'GetProcAddress'),151,151,0
('LocalAlloc'; 'GlobalUnlock'),216,216,0
('RegQueryValueExW'; 'RegQueryValueExW'),0,0,0
('RegSetValueExW'; 'LoadLibraryExW'),202,202,0
('GetEnvironmentVariableW'; 'GetFullPathNameW'),220,220,0
('GetFileAttributesW'; 'HeapAlloc'),0,0,0
('GetLongPathNameW'; 'LoadLibraryA'),118,118,0
('OpenProcess'; 'RegCloseKey'),1,1,0
('GetCurrentProcessId'; 'GetCurrentThread'),20,20,0
('IsBadWritePtr'; 'RegQueryValueExW'),215,215,0
('RegQueryValueW'; 'HeapFree'),0,0,0
('GlobalAlloc'; 'HeapAlloc'),0,0,0
('RegOpenKeyExA'; 'GetCurrentThread'),26,26,0
('RegSetValueExW'; 'GlobalSize'),208,208,0
('GetCurrentThreadId'; 'RegEnumValueW'),242,242,0
('GetCurrentProcessId'; 'SetThreadPriority'),117,117,0
('IsBadStringPtrW'; 'GlobalReAlloc'),206,206,0
('GlobalSize'; 'LocalFree'),0,0,0
('GlobalLock'; 'RegCreateKeyExW'),130,130,0
('GetProcAddress'; 'LoadLibraryExW'),124,124,0
('GlobalLock'; 'GlobalSize'),208,208,0
('RegQueryValueW'; 'GlobalLock'),210,210,0
('RegEnumKeyW'; 'RegCloseKey'),0,0,0
('LocalAlloc'; 'GetFullPathNameW'),248,248,0
('GetLongPathNameW'; 'LocalAlloc'),1,1,0
('RegCreateKeyExW'; 'IsBadStringPtrW'),2,2,0
('GlobalFree'; 'GetProcAddress'),111,111,0
('RegOpenKeyExW'; 'RegQueryValueW'),215,215,0
('RegOpenKeyExW'; 'OpenProcess'),116,116,0
('LocalAlloc'; 'RegOpenKeyExA'),233,233,0
('LoadLibraryExW'; 'LocalFree'),17,17,0
('RegSetValueExW'; 'HeapAlloc'),1,1,0
('GetCurrentThreadId'; 'GetFileAttributesW'),234,234,0
('RegCloseKey'; 'GlobalFree'),218,218,0
('HeapAlloc'; 'GetCurrentProcessId'),245,245,0
('GetLongPathNameW'; 'RegOpenKeyExW'),2,2,0
('RegOpenKeyExW'; 'GlobalAlloc'),219,219,0
('RegQueryValueExW'; 'RegQueryValueW'),213,213,0
('RegEnumKeyW'; 'IsBadReadPtr'),0,0,0
('GetCurrentThread'; 'LocalFree'),54,54,0
('LocalAlloc'; 'GetLongPathNameW'),220,220,0
('GlobalLock'; 'HeapAlloc'),0,0,0
('RegQueryValueExW'; 'GlobalAlloc'),219,219,0
('HeapFree'; 'RegQueryValueW'),215,215,0
('HeapFree'; 'OpenProcess'),117,117,0
('RegCreateKeyExW'; 'RegCloseKey'),0,0,0
('RegOpenKeyExA'; 'CreateProcessW'),212,212,0
('LoadLibraryW'; 'RegOpenKeyExA'),37,37,0
('GlobalUnlock'; 'LoadLibraryExW'),203,203,0
('HeapFree'; 'GlobalAlloc'),222,222,0
('LoadLibraryA'; 'LoadLibraryA'),0,0,0
('RegCloseKey'; 'RegOpenKeyExA'),220,220,0
('GetProcAddress'; 'HeapAlloc'),1,1,0
('HeapAlloc'; 'IsBadWritePtr'),244,244,0
('GlobalLock'; 'IsBadStringPtrW'),8,8,0
('LocalFree'; 'RegQueryValueExW'),179,179,0
('RegOpenKeyExW'; 'RegSetValueExW'),15,15,0
('GetCurrentThreadId'; 'LoadLibraryA'),241,241,0
('RegEnumValueW'; 'GetCurrentThread'),15,15,0
('RegOpenKeyExW'; 'GlobalUnlock'),216,216,0
('RegQueryValueExW'; 'RegSetValueExW'),219,219,0
('RegEnumValueW'; 'SetThreadPriority'),117,117,0
('RegQueryValueExW'; 'GlobalUnlock'),216,216,0
('GetFullPathNameW'; 'RegQueryValueExW'),0,0,0
('IsBadWritePtr'; 'RegSetValueExW'),218,218,0
('GetCurrentProcessId'; 'RegOpenKeyExW'),3,3,0
('HeapAlloc'; 'GetCurrentThread'),235,235,0
('LoadLibraryA'; 'LocalAlloc'),11,11,0
('RegOpenKeyExA'; 'RegOpenKeyExW'),13,13,0
('GlobalFree'; 'RegQueryValueW'),0,0,0
('SetThreadPriority'; 'HeapAlloc'),1,1,0
('GlobalFree'; 'OpenProcess'),113,113,0
('RegOpenKeyExW'; 'GlobalFree'),218,218,0
('GetCurrentThreadId'; 'LocalAlloc'),40,40,0
('RegQueryValueW'; 'LoadLibraryExW'),202,202,0
('GlobalFree'; 'GlobalAlloc'),0,0,0
('GlobalUnlock'; 'GetFullPathNameW'),213,213,0
('RegQueryValueExW'; 'GlobalFree'),218,218,0
('RegEnumKeyW'; 'GetCurrentThreadId'),202,202,0
('GetModuleFileNameW'; 'LocalAlloc'),10,10,0
('RegCloseKey'; 'RegCreateKeyExW'),143,143,0
('RegCloseKey'; 'GlobalSize'),208,208,0
('RegSetValueExW'; 'RegEnumKeyW'),210,210,0
('RegQueryValueExW'; 'GetFullPathNameW'),248,248,0
('HeapFree'; 'GlobalFree'),219,219,0
('IsBadWritePtr'; 'GetFullPathNameW'),242,242,0
('RegOpenKeyExW'; 'RegOpenKeyExA'),235,235,0
('GlobalSize'; 'RegQueryValueExW'),0,0,0
('IsBadStringPtrW'; 'GetModuleFileNameW'),99,99,0
('RegQueryValueExW'; 'RegOpenKeyExA'),215,215,0
('GlobalFree'; 'GlobalLock'),0,0,0
('RegOpenKeyExW'; 'GetLongPathNameW'),219,219,0
('LoadLibraryExW'; 'GetProcAddress'),25,25,0
('HeapFree'; 'RegOpenKeyExA'),246,246,0
('IsBadStringPtrW'; 'LoadLibraryExW'),200,200,0
('RegQueryValueExW'; 'GetLongPathNameW'),217,217,0
('GetCurrentThread'; 'GetProcAddress'),115,115,0
('LocalFree'; 'LoadLibraryExW'),224,224,0
('HeapAlloc'; 'CreateProcessW'),212,212,0
('RegEnumKeyW'; 'GetEnvironmentVariableW'),208,208,0
('GlobalReAlloc'; 'LoadLibraryExW'),202,202,0
('RegOpenKeyExA'; 'LocalFree'),32,32,0
('GetFileAttributesW'; 'GetCurrentProcessId'),4,4,0
('RegQueryValueW'; 'HeapAlloc'),0,0,0
('GetEnvironmentVariableW'; 'IsBadReadPtr'),3,3,0
('LocalFree'; 'RegSetValueExW'),169,169,0
('RegCloseKey'; 'IsBadStringPtrW'),40,40,0
('LocalAlloc'; 'RegCloseKey'),242,242,0
('IsBadReadPtr'; 'GetFileAttributesW'),227,227,0
('IsBadReadPtr'; 'SetThreadPriority'),117,117,0
('GlobalFree'; 'GlobalFree'),0,0,0
('RegEnumValueW'; 'RegOpenKeyExW'),0,0,0
('RegEnumKeyW'; 'RegEnumValueW'),212,212,0
('GetFullPathNameW'; 'RegSetValueExW'),4,4,0
('GetEnvironmentVariableW'; 'IsBadWritePtr'),3,3,0
('OpenProcess'; 'SetThreadPriority'),1,1,0
('GetFileAttributesW'; 'IsBadWritePtr'),4,4,0
('GetFullPathNameW'; 'GlobalUnlock'),4,4,0
('GlobalSize'; 'OpenProcess'),112,112,0
('GlobalSize'; 'RegQueryValueW'),0,0,0
('LoadLibraryW'; 'RegCloseKey'),36,36,0
('GlobalUnlock'; 'RegEnumKeyW'),3,3,0
('LocalAlloc'; 'IsBadReadPtr'),39,39,0
('GlobalSize'; 'GlobalAlloc'),0,0,0
('RegCloseKey'; 'RegCloseKey'),0,0,0
('HeapFree'; 'RegCreateKeyExW'),143,143,0
('HeapAlloc'; 'RegOpenKeyExW'),248,248,0
('GlobalFree'; 'RegOpenKeyExA'),1,1,0
('HeapFree'; 'GlobalSize'),208,208,0
('IsBadStringPtrW'; 'HeapAlloc'),0,0,0
('IsBadReadPtr'; 'LoadLibraryA'),206,206,0
('GlobalReAlloc'; 'HeapAlloc'),0,0,0
('LocalFree'; 'GetFullPathNameW'),248,248,0
('RegSetValueExW'; 'GetCurrentProcessId'),209,209,0
('IsBadWritePtr'; 'RegEnumKeyW'),214,214,0
('GetFileAttributesW'; 'GetCurrentThread'),0,0,0
('GetFullPathNameW'; 'GetFullPathNameW'),0,0,0
('OpenProcess'; 'LoadLibraryA'),57,57,0
('GetCurrentThread'; 'RegQueryValueW'),213,213,0
('GetCurrentThread'; 'OpenProcess'),115,115,0
('GlobalAlloc'; 'GetCurrentThread'),5,5,0
('GlobalSize'; 'GlobalUnlock'),0,0,0
('GetEnvironmentVariableW'; 'GetCurrentThreadId'),1,1,0
('GetCurrentThread'; 'GlobalAlloc'),214,214,0
('GlobalAlloc'; 'SetThreadPriority'),117,117,0
('GetProcAddress'; 'GetCurrentProcessId'),39,39,0
('GetCurrentThreadId'; 'GlobalReAlloc'),212,212,0
('RegQueryValueW'; 'RegEnumKeyW'),2,2,0
('GlobalFree'; 'RegCreateKeyExW'),126,126,0
('GlobalFree'; 'GlobalSize'),0,0,0
('HeapFree'; 'IsBadStringPtrW'),244,244,0
('HeapAlloc'; 'LocalFree'),248,248,0
('OpenProcess'; 'LocalAlloc'),0,0,0
('GlobalSize'; 'GlobalFree'),208,208,0
('IsBadReadPtr'; 'RegOpenKeyExW'),209,209,0
('LoadLibraryA'; 'HeapFree'),2,2,0
('RegOpenKeyExW'; 'RegCloseKey'),241,241,0
('LocalAlloc'; 'GetCurrentThreadId'),208,208,0
('GetProcAddress'; 'IsBadWritePtr'),36,36,0
('RegSetValueExW'; 'GetCurrentThread'),206,206,0
('GetCurrentProcessId'; 'RegQueryValueExW'),8,8,0
('GetCurrentThread'; 'GlobalUnlock'),210,210,0
('RegQueryValueExW'; 'RegCloseKey'),223,223,0
('GetCurrentThreadId'; 'HeapFree'),8,8,0
('GetFileAttributesW'; 'GetEnvironmentVariableW'),210,210,0
('GetFileAttributesW'; 'CreateProcessW'),212,212,0
('RegOpenKeyExA'; 'RegQueryValueExW'),33,33,0
('GetModuleFileNameW'; 'HeapFree'),0,0,0
('GlobalLock'; 'GetCurrentThread'),5,5,0
('HeapFree'; 'RegCloseKey'),246,246,0
('GlobalSize'; 'RegOpenKeyExA'),0,0,0
('LoadLibraryExW'; 'GlobalFree'),10,10,0
('IsBadStringPtrW'; 'RegEnumKeyW'),212,212,0
('GlobalUnlock'; 'GetCurrentProcessId'),212,212,0
('RegCreateKeyExW'; 'LoadLibraryA'),67,67,0
('GlobalUnlock'; 'IsBadReadPtr'),5,5,0
('GlobalLock'; 'SetThreadPriority'),117,117,0
('LocalFree'; 'RegEnumKeyW'),214,214,0
('GetCurrentThreadId'; 'GlobalLock'),218,218,0
('GlobalReAlloc'; 'RegEnumKeyW'),3,3,0
('GetProcAddress'; 'GetCurrentThread'),24,24,0
('GetCurrentThread'; 'GlobalFree'),215,215,0
('GlobalSize'; 'GetLongPathNameW'),208,208,0
('GlobalFree'; 'IsBadStringPtrW'),5,5,0
('SetThreadPriority'; 'IsBadWritePtr'),2,2,0
('IsBadWritePtr'; 'IsBadReadPtr'),10,10,0
('LoadLibraryExW'; 'RegOpenKeyExA'),4,4,0
('GlobalUnlock'; 'IsBadWritePtr'),4,4,0
('GetCurrentThread'; 'RegOpenKeyExA'),209,209,0
('RegCreateKeyExW'; 'LocalAlloc'),0,0,0
('RegSetValueExW'; 'CreateProcessW'),212,212,0
('IsBadWritePtr'; 'IsBadWritePtr'),0,0,0
('LocalAlloc'; 'RegEnumValueW'),239,239,0
('GlobalAlloc'; 'RegOpenKeyExW'),4,4,0
('GlobalFree'; 'RegCloseKey'),1,1,0
('GetCurrentThread'; 'GetLongPathNameW'),216,216,0
('SetThreadPriority'; 'GetCurrentThread'),1,1,0
('RegQueryValueW'; 'GetCurrentProcessId'),208,208,0
('RegOpenKeyExA'; 'RegQueryValueW'),213,213,0
('RegOpenKeyExA'; 'GlobalAlloc'),14,14,0
('CreateProcessW'; 'GetCurrentProcessId'),0,0,0
('GetLongPathNameW'; 'HeapAlloc'),0,0,0
('RegEnumValueW'; 'RegQueryValueExW'),12,12,0
('CreateProcessW'; 'IsBadReadPtr'),0,0,0
('GetCurrentProcessId'; 'LoadLibraryExW'),212,212,0
('GlobalUnlock'; 'GetCurrentThreadId'),0,0,0
('LoadLibraryExW'; 'RegCreateKeyExW'),132,132,0
('RegEnumKeyW'; 'GetProcAddress'),112,112,0
('GetCurrentProcessId'; 'RegSetValueExW'),11,11,0
('RegSetValueExW'; 'RegOpenKeyExW'),205,205,0
('GetEnvironmentVariableW'; 'LocalFree'),0,0,0
('GetCurrentThreadId'; 'GetModuleFileNameW'),133,133,0
('RegOpenKeyExA'; 'RegSetValueExW'),14,14,0
('HeapAlloc'; 'RegQueryValueExW'),248,248,0
('GetFileAttributesW'; 'LocalFree'),3,3,0
('CreateProcessW'; 'IsBadWritePtr'),0,0,0
('IsBadStringPtrW'; 'GetCurrentProcessId'),227,227,0
('LoadLibraryA'; 'LoadLibraryExW'),118,118,0
('RegOpenKeyExA'; 'GlobalUnlock'),216,216,0
('IsBadWritePtr'; 'GetCurrentThreadId'),208,208,0
('LocalFree'; 'GetCurrentProcessId'),226,226,0
('GlobalReAlloc'; 'GetCurrentProcessId'),211,211,0
('GlobalLock'; 'RegOpenKeyExW'),2,2,0
('LocalFree'; 'IsBadReadPtr'),20,20,0
('GlobalSize'; 'IsBadStringPtrW'),2,2,0
('RegQueryValueW'; 'GetCurrentThread'),2,2,0
('RegCloseKey'; 'SetThreadPriority'),117,117,0
('RegCloseKey'; 'GetFileAttributesW'),233,233,0
('GlobalUnlock'; 'GetEnvironmentVariableW'),212,212,0
('GlobalUnlock'; 'CreateProcessW'),209,209,0
('GetCurrentThreadId'; 'RegCreateKeyExW'),139,139,0
('GetFullPathNameW'; 'IsBadReadPtr'),3,3,0
('GetCurrentThreadId'; 'GlobalSize'),208,208,0
('CreateProcessW'; 'GetCurrentThread'),0,0,0
('IsBadStringPtrW'; 'IsBadWritePtr'),26,26,0
('GetCurrentProcessId'; 'GetFullPathNameW'),243,243,0
('LocalFree'; 'IsBadWritePtr'),17,17,0
('GlobalReAlloc'; 'IsBadWritePtr'),3,3,0
('LoadLibraryExW'; 'IsBadStringPtrW'),38,38,0
('RegOpenKeyExA'; 'GetFullPathNameW'),244,244,0
('IsBadWritePtr'; 'GetEnvironmentVariableW'),218,218,0
('GlobalSize'; 'RegCloseKey'),0,0,0
('GetFullPathNameW'; 'IsBadWritePtr'),3,3,0
('OpenProcess'; 'HeapFree'),0,0,0
('CreateProcessW'; 'GetCurrentThreadId'),0,0,0
('GetCurrentThread'; 'IsBadStringPtrW'),11,11,0
('RegOpenKeyExW'; 'RegEnumValueW'),242,242,0
('LoadLibraryA'; 'HeapAlloc'),1,1,0
('RegCloseKey'; 'LoadLibraryA'),231,231,0
('HeapAlloc'; 'RegQueryValueW'),215,215,0
('RegQueryValueExW'; 'RegEnumValueW'),230,230,0
('RegEnumKeyW'; 'OpenProcess'),112,112,0
('IsBadStringPtrW'; 'GetCurrentThread'),221,221,0
('RegEnumValueW'; 'LoadLibraryExW'),215,215,0
('GlobalReAlloc'; 'GetCurrentThread'),4,4,0
('GetCurrentThreadId'; 'HeapAlloc'),3,3,0
('HeapAlloc'; 'GlobalAlloc'),223,223,0
('IsBadWritePtr'; 'RegEnumValueW'),227,227,0
('RegOpenKeyExA'; 'GetLongPathNameW'),220,220,0
('LoadLibraryExW'; 'RegCloseKey'),9,9,0
('GetModuleFileNameW'; 'HeapAlloc'),0,0,0
('RegEnumValueW'; 'RegSetValueExW'),9,9,0
('RegEnumKeyW'; 'HeapFree'),0,0,0
('RegQueryValueW'; 'CreateProcessW'),212,212,0
('GetProcAddress'; 'LocalFree'),37,37,0
('LocalFree'; 'GetCurrentThreadId'),207,207,0
('GetCurrentThreadId'; 'IsBadStringPtrW'),39,39,0
('RegOpenKeyExW'; 'GetFileAttributesW'),232,232,0
